id,created_at,favorite_count,retweet_count,text
1606423572754608130,2022-12-23 22:56:40+00:00,132,16,Tesla stock at 122 a share Apple at 130 AMZN at 85 Excited to start buying into my long term portfolio I would rather buy small portions versus nothing at all invest longterm future 2023
1605246623004512256,2022-12-20 16:59:53+00:00,50,2,Messi breaks another world record for the most likes 63 million amp counting goat egg
1605238017966239749,2022-12-20 16:25:42+00:00,23,4,Devotion inspires bravery bravery inspires sacrifice sacrifice leads to change MotivationalQuotes
1605039695972352000,2022-12-20 03:17:38+00:00,82,14,Failure is simply the opportunity to begin again this time more intelligently forwardthinking mindset Motivationalquote
1604300308393312257,2022-12-18 02:19:34+00:00,44,7,The more you shine the more shadows you cast success Motivation mindset
1603887778017579008,2022-12-16 23:00:19+00:00,60,4,In health wealth and love I learn great habits from those around Show me your friends and I ll show you your future Embrace those you value success love wealth
1603856475654619138,2022-12-16 20:55:56+00:00,63,9,Beginners should be encouraged to trade small You will make a lot of mistakes therefore you ll lose small I would rather be in a position to test amp practice versus scared to trade because it s too much money Keep it simple beginners
1602660144982249472,2022-12-13 13:42:09+00:00,49,7,cpidata report came in at 7 1 which is lower than expected and great news for the bulls Will the FederalReserve confirm a 5 hike tomorrow We shall see
1601390430410899461,2022-12-10 01:36:45+00:00,70,9,You say you want change but you want change to happen to you you re entitled minset
1600544304593719296,2022-12-07 17:34:33+00:00,48,6,We cannot solve our problems with the same thinking we used when we create them Einstein mindset
1600542569078804480,2022-12-07 17:27:39+00:00,56,4,No position is better than a red position Learn to stay cash daytrading
1599982312040542209,2022-12-06 04:21:24+00:00,47,8,December 13th is the next cpi data report aka inflation report Will we come in lower to support a lower rate hike Now is the time to prepare Mark your calendars cpi inflation stockmarket FederalReserve
1597796205215436801,2022-11-30 03:34:35+00:00,40,8,Roger Bannister broke the 4 minute mile in 1954 and just 46 days later his time was beat Now 1 600 runners have beat 4 minutes Everything seems impossible until it isn t motivation mindset success
1597296093179830272,2022-11-28 18:27:19+00:00,73,4,Trading is very challenging Challenges are what make life interesting and overcoming them is what makes life meaningful mindset success hustle
1596947991151071232,2022-11-27 19:24:05+00:00,93,9,We all have that one friend that supports us for every risk we take Appreciate them Grateful
1596666347349364736,2022-11-27 00:44:56+00:00,79,18,Everything you want is on the other side of fear mindset fear hustle motivation
1596230459263852544,2022-11-25 19:52:52+00:00,76,4,If we re friends and you have a small business send it to me I would love to support you BlackFriday smallbusiness
1594802149711499264,2022-11-21 21:17:17+00:00,80,4,Elon musk has lost tesla 180 billion in market cap value since buying TwitterTakeover its rough but I still believe Elon will succeed against all odds goat success elon ironman
1592932599160504320,2022-11-16 17:28:21+00:00,118,14,I always feel more in control when I sell early to manage my position size versus holding and hoping it plays out in my favor Build healthy habits trading stockmarket investing
1592588087871541248,2022-11-15 18:39:23+00:00,57,8,Two dead after Russian missile hits NATO territory in Poland poland nato ww3 Russia
1592587085004697600,2022-11-15 18:35:24+00:00,36,2,blockfi is preparing to file for bankruptcy after ftx downfall Only the beginning Shorting the NASDAQ100
1591073606184112129,2022-11-11 14:21:23+00:00,31,7,FTX just filed for chapter 11 bankruptcy Be ready for a redfriday stocks crypto market nasdaq Leaked
1590925007701803008,2022-11-11 04:30:54+00:00,23,2,Will Bitcoin crash and go under 10 000 Huge institutions are invested this time This will ruin heavily leveraged investors Leverage is super power in bull markets it s deadly during bear markets riskmanagement Binance ftx crypto crash
1590810463893618688,2022-11-10 20:55:45+00:00,64,4,Single largest gain for NASDAQ in 2022 at 7 44 gain after CPIdata came in lower than expected Is this an over reaction or only the beginning stocks
1590711627338633216,2022-11-10 14:23:00+00:00,57,10,cpi report came in at 7 7 with expectation at 8 Core cpi came in at 6 3 with expectation at 6 5 Nasdaq is up 4 57 premarket Great news for the stockmarket inflation
1590524254369742848,2022-11-10 01:58:27+00:00,35,3,Ejecto seato cuzzz ftx Binance bitcoin
1590387898125529089,2022-11-09 16:56:37+00:00,99,27,The quicker you find out most people in your life are only temporary distractions the quicker you can focus on your own happiness focus
1589041166619934720,2022-11-05 23:45:11+00:00,75,10,If it comes easy it will go fast Mindset
1587634329403895809,2022-11-02 02:34:55+00:00,73,5,If everything is under control you re going too slow hustle
1586014982780567553,2022-10-28 15:20:13+00:00,78,12,It often takes the most uncomfortable paths to lead your life to the most beautiful place happy
1585842322033364992,2022-10-28 03:54:07+00:00,59,10,Let pain build you
1585686237095948288,2022-10-27 17:33:54+00:00,56,13,I m not difficult I ve just settled for a lot in the past I have no more time to waste mindset
1585439032007282688,2022-10-27 01:11:35+00:00,66,17,Be okay with giving the gift of your absence to those who do not appreciate amp respect your presence motivation
1585111463404134403,2022-10-26 03:29:57+00:00,94,11,LAZY PEOPLE DO LITTLE WORK AND THINK THEY SHOULD BE WINNING BUT WINNERS WORK AS HARD AS POSSIBLE AND STILL WORRY ABOUT BEING LAZY mindset
1583558689184632834,2022-10-21 20:39:47+00:00,55,8,The desire of wanting to be successful is nothing special Putting in the work when nothing is guaranteed that s special mindset success
1583505696183623687,2022-10-21 17:09:12+00:00,192,10,What I do is simple but it s not easy discipline success
1583158250677014528,2022-10-20 18:08:35+00:00,76,6,Call me crazy but I love seeing other people happy and succeeding success mindset hustle
1582894931403603968,2022-10-20 00:42:15+00:00,124,5,205 231 gain in 2 weeks of trading I m not perfect never was and never will be I consistently make mistakes and that is what makes me a good trader Embrace the challenge learn from mistakes You have nothing but time LPP traders at market open for our live trading session
1582798356702642176,2022-10-19 18:18:29+00:00,36,9,How big would you dream if you knew you couldn t fail mindset success motivation dream
1582543542936748032,2022-10-19 01:25:57+00:00,51,1,I made 24 100 profit by selling tqqq early Never afraid to lock in profits motivation
1582434672528670720,2022-10-18 18:13:20+00:00,67,9,I ve made it a habit of mine to sell a day trade early Instead of obsessing about selling at the peak I ve conditioned myself to sell early by accepting I will never be perfect In doing so by selling early I often find myself being better off and less stressed mindset
1580935721728081921,2022-10-14 14:57:03+00:00,32,3,You know it s bad when you start talking to the stock lol Jason trading stocks stockmarket funny
1579969254228918272,2022-10-11 22:56:39+00:00,50,6,Everyone wants to look successful but not everyone is willing to do what it takes noexcuses
1579911951764795392,2022-10-11 19:08:57+00:00,49,1,I would rather be late to an uptrend then early to a down trend patience mindset success investing trading
1579689772788117504,2022-10-11 04:26:05+00:00,38,2,I feel like a kid at a candy store shorting the market right now excited NASDAQ short mindset success stocks stockmarket
1579177579646681088,2022-10-09 18:30:49+00:00,33,5,Many fear trying something new The scariest place to be is the same as last year You re more than this mindsetmatters mindset success Formula1 RussiaIsLosing LUFC
1578487574770831360,2022-10-07 20:48:59+00:00,44,0,Ended the day at 40 000 gain today shorting the Nasdaq This trade was caught in my live trading session today To watch me trade live join audioleak NASDAQ100 trading shorting stocks daytrading stockmarket investing mindset
1578129599296200704,2022-10-06 21:06:31+00:00,17,2,I always hear this world is becoming so evil do these people not watch game of thrones Don t get me started on those white walkers got meme funny ImranKhan ChelseaMilan PokemonScarletViolet
1576342734998188032,2022-10-01 22:46:09+00:00,38,4,Short term pain for long term gain stockmarket invest buy wealth
1575720615872327680,2022-09-30 05:34:04+00:00,18,3,YOU GUYS READY Im going to be hosting a FREE LIVE TRADING SESSION tomorrow morning at market open Set your alarms Here are the details about the live trading
1575153226415939590,2022-09-28 15:59:28+00:00,26,3,They re supposed to doubt you Their purpose is to think you can t and your purpose is to WIN win purpose mindset hustle doubtmenow motivation success
1574875763580407808,2022-09-27 21:36:56+00:00,38,2,They know where your stop loss is If you think that anyone with the power to move markets would care enough to trigger your 5 share stop loss of Tesla Please just humble yourself and accept the loss Conspiracy Scapegoat memetraders amc hodl lol trading
1574862918889267201,2022-09-27 20:45:54+00:00,37,7,Tough times create strong me easy times create weak men mindset success Motivational hustle
1574596277286801408,2022-09-27 03:06:21+00:00,24,4,There is no such thing as high returns without risk Gerry Schwartz invest mindset success motivation investor
1574227145357787136,2022-09-26 02:39:33+00:00,70,11,Ambition is often mistaken as greed People hate what they don t understand The standard you set for yourself is so high others just hate you because they don t understand Embrace it mindset success MORNINGDREAM AmBitious
1573053564515078144,2022-09-22 20:56:10+00:00,7,2,
1572822567068790786,2022-09-22 05:38:16+00:00,9,2,
1572749679636647936,2022-09-22 00:48:38+00:00,40,10,If you do not like to feel uncomfortable please do not pursue success minset success motivation
1572724306060378112,2022-09-21 23:07:49+00:00,29,4,Experience comes with time investor invest longterm nasdaq tesla NASDAQ
1572352828173348864,2022-09-20 22:31:41+00:00,11,4,
1571960291117928448,2022-09-19 20:31:53+00:00,12,2,
1571960056891211779,2022-09-19 20:30:57+00:00,9,2,
1570890113613459458,2022-09-16 21:39:23+00:00,54,13,Never apologize for the standard you set for yourself Shoot for the moon Even if you miss you ll land among the stars mindset success motivation
1569529738561212425,2022-09-13 03:33:44+00:00,26,3,26 000 GAIN TODAY CPI DATA REPORT LIVE STREAM 1 HOUR BEFORE THE MARKET OPENS SEE YOU THERE SET YOUR ALARM LIVE cpi inflation livestream trading stockmarket InflationReductionAct
1568303424235773952,2022-09-09 18:20:48+00:00,33,2,40 000 GAIN TRADING LIVE WITH MY LPP 2 0 TEAM TRANSITIONING FROM SHORT TO LONG ON NASDAQ TO WATCH ME TRADE LIVE amp JOIN MY TEAM HERE IS 100 OFF LPP 2 0 SALE
1567532905215447043,2022-09-07 15:19:02+00:00,17,3,Thinking of risk management while your stock is selling off is like praying when you re in need it s desperate AppleEvent stockmarke nasdaq stocks tesla riskmanagement risk money personalfinance
1567159855009656832,2022-09-06 14:36:40+00:00,39,4,Great things come with time Stay patient set alerts and keep your trading simple trading WWERaw NASDAQ qqq InflationReductionAct buythedip
1566585891652378624,2022-09-05 00:35:56+00:00,102,8,I made 211K shorting NASDAQ and posted a video breakdown A troll commented that the only reason I made money is because I have it Yes just like a business you start small and then you scale I post my recap to motivate our next Gen of traders trading mindset success
1565879813016915969,2022-09-03 01:50:14+00:00,37,2,Newbie I ve always wanted to buy a stock when should I buy Me Buy when fear is high and prices are low Don t over complicate it Recovery takes time
1565874658532016129,2022-09-03 01:29:45+00:00,47,1,Trolls telling me how I should spend my money reminds me of my annoying twice divorced uncle that always has relationship advice TheRingsOfPower bb24 advice money funny
1565452371840249856,2022-09-01 21:31:44+00:00,34,3,Trading as a business is ideal No overhead expenses just net profits you withdraw from you account Simple simple trading NASDAQ stockmarket
1565450554712592386,2022-09-01 21:24:31+00:00,28,3,20 000 GAIN CATCHING THE REVERSAL ON TQQQ TODAY DURING MY LIVE TRADING SESSION HEADLINE SENTIMENT NASDAQ100 trading stocks stockmarket investing success mindset
1565111521562152961,2022-08-31 22:57:19+00:00,32,0,26 100 GAIN TODAY SHORTING NASDAQ MARKET I WILL NOT SWING TRADE THIS THIS TRADE WAS IN MY LIVE TRADING TODAY EXCITED TO BUY SOME LONG POSITIONS HERE NASDAQ100 shorting stocks profit investing StockMarket crash
1565032224021307392,2022-08-31 17:42:13+00:00,28,3,If you hesitate to sell on a trade The stock market will remind you why you should never ask for a penny more trading nasdaq discipline mindset daytrader stocks stockmarket NASDAQ shorting
1564661327515172864,2022-08-30 17:08:25+00:00,37,1,The only people who get upset during a market pullback are those who did not prepare A dip is a deal opportunity for those that did prepare Remember that personalfinance money money investing trading NASDAQ100 TREASURE
1564311987768553472,2022-08-29 18:00:16+00:00,39,2,Don t mistake luck as skill Winning when you lack discipline is dangerous It creates bad habits mindset success trading investing personalfinance money
1563287599623483392,2022-08-26 22:09:42+00:00,82,2,53 000 Gain shorting Nasdaq today I m truly humbled if you would have told me 9 years ago that one day I would make 50k I wouldn t believe it Great things come with time Start small and scale PersonalFinance investing stocks StockMarket shorting NASDAQ100
1563200707787776006,2022-08-26 16:24:26+00:00,50,2,41 000 gain on the Nasdaq short etf this trade was all caught in my live stream today that is free to watch on YouTube Sold half and a trailing stop for the rest of my shares trading daytrading shorting nasdaq stocks money profit PersonalFinance
1563193818958049285,2022-08-26 15:57:03+00:00,9,0,34 000 GAIN ALL CAUGHT LIVE IN TODAYS YOUTUBE SESSION
1562621904032186368,2022-08-25 02:04:28+00:00,36,4,I ve failed so many times in my life that now I welcome it success failure mindset millionaire
1562621192774635521,2022-08-25 02:01:39+00:00,52,9,I ve failed so many times in my life and that s the reason I m successful success millionaire mindset
1560697494551478272,2022-08-19 18:37:33+00:00,24,4,SUCCESS consists in activity It is a running stream not a stagnant pool PersonalFinance success mindset
1560359288874315776,2022-08-18 20:13:39+00:00,44,1,iPhone issues magically appear in August thank god they have a new iphone being released in September some would say perfect timing lol iphone iPhone14 PINKVENOM meme
1554566370993455104,2022-08-02 20:34:39+00:00,40,7,Safety is an illusion happiness is a choice mindset
1553077297460027394,2022-07-29 17:57:37+00:00,35,2,Two negative GDP reports and stocks go up interesting gdp inflation stocks stockmarket meme funny money investing
1552797107227987968,2022-07-28 23:24:14+00:00,45,4,Your biggest day is someone s small day Your biggest loss is someone s small loss You ll always be scared you just become more comfortable being scared levels mindset investing success trading amzn aapl stockmarket stocks
1551961560456654848,2022-07-26 16:04:04+00:00,18,2,Shorting the market as big tech is set to report earnings this week and fed raise rates tomorrow fedmeeting stockmarket investing shorting Video Details
1551617131514454016,2022-07-25 17:15:26+00:00,68,16,They have no idea what you are becoming focused
1549799362951122944,2022-07-20 16:52:16+00:00,39,2,A trade without a plan is a plan to fail trading trader stocks stockmarket mindset
1549170687360638976,2022-07-18 23:14:08+00:00,36,5,If you think the price of winning is too high wait until you get the bill from regret That s generational mindset success wealth motivation
1547731554843037697,2022-07-14 23:55:32+00:00,52,20,People hate on what they don t understand Your level of success happiness and commitment is foreign to them Your purpose in life shouldn t be to explain but simply live it Let s make it a habit to trim the fat mindset success
1547209125498564613,2022-07-13 13:19:35+00:00,26,6,Inflation is at 9 1 a 40 year high BUT this is the first report where fuel oil saw a decrease since the start of 2022 Progress or getting worse inflation Biden in 2024 CPI stocks stockmarket
1543365408824053761,2022-07-02 22:46:02+00:00,41,11,Imagine settling for a life less than you are capable of living mindset quote success
1542526373859733512,2022-06-30 15:12:00+00:00,44,9,Learning to trade is being humbled over and over again until you finally decide to follow your rules trading investing stockmarket mindset success
1540488175784566784,2022-06-25 00:12:56+00:00,53,7,Stock market begins to recover not when things get better but when things are no longer getting worse Remember this stockmarket stocks investing fomc
1539989476264378368,2022-06-23 15:11:17+00:00,50,8,If you know exactly what you want to be in life you will become it That is your punishment Actually not knowing re inventing yourself not being fixed That s a privilege mindset life success
1537209739825782784,2022-06-15 23:05:36+00:00,32,6,Make choices now that your future self will thank you for stockmarket invest fomc fedmeeting longterm
1531454197568110592,2022-05-31 01:55:08+00:00,60,9,Your standards are a reflection of what you re willing to tolerate Friends Partner Health amp Money mindset success millionaire life
1529191425992036353,2022-05-24 20:03:41+00:00,39,6,You can have more than you ve got because you can become more than you are mindset success investing StockMarket Crypto
1528883067577765889,2022-05-23 23:38:23+00:00,1,0,it s sad that my account gets banned for impersonating yet all the fake accounts of me are still up even after we report them What s the point of reporting if you don t do anything Facebook Instagram socialmedia
1528060213961498626,2022-05-21 17:08:39+00:00,17,0,The best time to prepare as stocks are down stockmarket stocks investing bitcoin
1527826564401930240,2022-05-21 01:40:13+00:00,37,3,Market selling off Beginners market manipulation Experienced short sellers are covering as we go into the weekend You can make up an excuse for why the market is against you or actually take time to understand the market stocks trading invest
1527487051767025670,2022-05-20 03:11:07+00:00,3,0,ai My account on Instagram got hacked man These fake accounts reported me and took it down It sucks because Instagram took mine down yet there s is still up I wouldn t block you
1526976568987242496,2022-05-18 17:22:38+00:00,10,1,Explained 13 hours ago why the market could drop We prepared for this TGT crash stockmarket trading investing
1526699365535916032,2022-05-17 23:01:08+00:00,36,1,I ve learned over time to appreciate green days but not allow them to get in my head This market is not just about making money but knowing how to tolerate the red days You can t have one without the other stocks stockmarket investing trading Bitcoin
1526596285972656128,2022-05-17 16:11:32+00:00,25,3,Be greedy when others are fearful Bitcoin stockmarket stocks investing trading fed
1526336326131277825,2022-05-16 22:58:32+00:00,6,1,Fed meeting tomorrow at 2pm est what do you think happens
1526288957138296832,2022-05-16 19:50:19+00:00,8,0,3 tips before starting
1526266790468145153,2022-05-16 18:22:14+00:00,59,1,As many of you know my Instagram is down looks like I m going to be using Twitter more until I get it back
1526003974205149184,2022-05-16 00:57:53+00:00,47,8,Fear not the man who has practiced 10 000 moves once but fear the man who has practiced one move 10 000 times mindset success
1524843764010717184,2022-05-12 20:07:38+00:00,5,0,I m trying to grow the account now take it to 0
1524843004900478976,2022-05-12 20:04:37+00:00,29,1,Buying 3 stocks with 50k for my newborn daughter as the market is oversold Which 3 stocks would you pick if you were in my position amp why stock stockmarketcrash OptionsTrading TSLA trading investing
1524815990055284736,2022-05-12 18:17:16+00:00,46,5,Imagine finally being 67 years old and excited about retirement Now your 401k is down 40 in the past 5 months To all of the young investors amp traders You have time to make it happen remember that StockMarket marketcrash investingtips investing Bitcoin
1524456673733054464,2022-05-11 18:29:28+00:00,30,3,On green days I prepare for the red days and on red days I prepare for the green days Today is no different Stay level headed traders stockmarket stocks bitcoin investor
1524077080752787456,2022-05-10 17:21:06+00:00,1,1,You can start with a simulation platform I breakdown on how you can start for free with a paper trading platform Video
1523887667158470656,2022-05-10 04:48:26+00:00,65,7,People will mock you for investing now then discredit you later for getting lucky Moral of the story is we make money and they talk s investing mindset trading stockmarket bitcoin cryptotrading Crypto
1523703482959622144,2022-05-09 16:36:34+00:00,26,5,The pain you feel on these red days should never exceed the fulfillment you gain on green days Risk versus reward don t bite more than you can chew Embrace the challenge stockmarket stocks trading market mindset
1522257840294879232,2022-05-05 16:52:05+00:00,45,6,I judge a trader by his character not on his green days but on his red days mindset stockmarket stocks trading
1520156298184040449,2022-04-29 21:41:19+00:00,27,1,After a strong pullback follows potential for a great recovery This isn t to encourage you to blindly invest But don t be afraid to be selective deals are here stocks trading investing bitcoinbella
1519443768935546880,2022-04-27 22:29:59+00:00,16,1,There is money to be made The question is can you tolerate the time it will take stockmarket invest amzn tsla fb bitcoinbella msft
1519412021627785218,2022-04-27 20:23:49+00:00,11,1,Meta hits 27 8 Billion in revenue for Q1 of 2022 EPS at 2 72 vs 2 56 EST growth is down 20 year over year facebook metaplatform stocks fb earningsreport
1519358703853400064,2022-04-27 16:51:57+00:00,43,7,Elon musk bought twitter in 21 days and you ve been saying you ll buy your first stock for 2 years ElonMusk 365daysThisDay stockmarket
1517933331710562305,2022-04-23 18:28:02+00:00,27,3,I m team Elon but how hilarious if Bill Gates responded with this photo elon billgates checkmate
1517592133053517825,2022-04-22 19:52:14+00:00,30,1,The market dropping can be scary if your only intent is to trade now Reminder to take a step back and understand that deals are among us What you invest into now can benefit your future self Stay selective and invest wisely stocks invest trading sharemarket
1516921219773198336,2022-04-20 23:26:16+00:00,26,8,A smooth market never made a skilled trader Our job isn t to avoid red days Simple to manage them daytrading business investing stocks success Mindset
1516795564008275968,2022-04-20 15:06:57+00:00,27,2,Progress is made by breaking one bad habit at a time Embrace the challenge trading stocks stockmarket habit mindset progress etf
1515159263680745472,2022-04-16 02:44:53+00:00,38,2,Friday thought Thinking of the people in my life now 5 years ago I didn t even know they existed Now think about the next 5 years Choose wisely amp enjoy the development of you
1514014082499690500,2022-04-12 22:54:20+00:00,54,9,Trading is like a relationship Easy to start but risky if not done with proper intent Take time to learn how to understand what you are doing it can lead to something great Focus on learning amp understanding before trying to start making money You have the time use it
1513719711304802310,2022-04-12 03:24:37+00:00,37,3,Who ever runs this company should get a chance to manage inflation Thoughts inflation cpidata feds meme
1513638207589523461,2022-04-11 22:00:45+00:00,17,3,CPI data report tomorrow at 8 30am est extraordinarily elevated cpidata stockmarket stocks feds
1502051386829250561,2022-03-10 22:38:52+00:00,43,8,People complaining about Elon Musk having 8 kids as too much If Elon were to pass and split his net worth evenly between his 8 children They each would be worth 27 6 billion That would earn them a spot on the top 50 billionaire list winning elonmusk y
1488927934467301376,2022-02-02 17:30:57+00:00,1,1,Please report it I will never message you asking for money or to trade for you I will never message you first
1478786917692964864,2022-01-05 17:54:10+00:00,17,1,Buckle Up It's About To Get Worse via
1478136184475820032,2022-01-03 22:48:23+00:00,13,1,DON'T GET CAUGHT HOLDING via
1476989445605711875,2021-12-31 18:51:39+00:00,2,1,If you want to join Learn Plan Profit last minute Use code 2022 or click the link here for 150 off
1476989297408446467,2021-12-31 18:51:04+00:00,48,2,I hope everyone had a great 2021 I m wishing all of you nothing but success in 2022
1476266872303603719,2021-12-29 19:00:24+00:00,1,0,Awesome Get over that pdt rule
1476266790858620930,2021-12-29 19:00:05+00:00,1,0,Love it
1476266263064104962,2021-12-29 18:57:59+00:00,6,2,
1473398257015738368,2021-12-21 21:01:33+00:00,21,5,Some sell in fear others buy the deal perspective trading investing tesla tsla stockmarket stocks daytrading ElonMusk
1473048853846712320,2021-12-20 21:53:09+00:00,38,7,It s what you do now to prepare as the market is at its worst that makes you the most when the market is at its best
1471965438846267394,2021-12-17 22:08:03+00:00,27,5,Happy Friday Hope everyone has a great weekend
1471227945280622595,2021-12-15 21:17:30+00:00,26,2,Blessed to be apart of people s success
1470877764362260480,2021-12-14 22:06:01+00:00,4,0,Seerden I know so is my tweet
1470877220361019394,2021-12-14 22:03:51+00:00,43,8,Everyone showing their 109 038 846 937 00 crypto wallet right now mOve Aside JEff BEzos Chillout buddy show your bank account crypto trillionaire Coinbase bitcoin crypto cryptocurrency
1470455400042352643,2021-12-13 18:07:41+00:00,48,2,All jokes people
1468329609154502661,2021-12-07 21:20:33+00:00,23,3,
1467964261808816135,2021-12-06 21:08:48+00:00,10,1,I Just joined Reddit To celebrate enter our Giveaway
1465409802557739010,2021-11-29 19:58:17+00:00,5,1,Ready to get started CYBER MONDAY SALE
1465407833348788226,2021-11-29 19:50:28+00:00,112,4,Thank you for 1 Mill subs
1461117361608544261,2021-11-17 23:41:39+00:00,5,2,Do you speak Spanish
1458190385914671106,2021-11-09 21:50:54+00:00,8,2,What stock gains the most by the end of the year
1457809261539381250,2021-11-08 20:36:27+00:00,24,2,Setting alerts has to be one of the most simple yet effective steps any trader can take Imagine getting upset every morning for not waking up on time yet all you would have to do is set an alarm kiss keep it simple stupid
1457808605797761025,2021-11-08 20:33:51+00:00,2,0,Having a stable income is very important but just know if you don t have time to trade then learn to invest as that approach can accommodate your busy schedule Be empowered to find a solution for your lifestyle
1457768238834614276,2021-11-08 17:53:26+00:00,4,3,What s the excuse you have been telling yourself on why you haven t started investing stockmarket trading
1456698772033921029,2021-11-05 19:03:46+00:00,54,4,Beginner Mindset I could have made more if I held a little longer Experienced Mindset I get to lock in profits trading stocks Mindset
1455314278437687296,2021-11-01 23:22:17+00:00,4,1,so the 100 off one in the poll so here you go Only 5 spots available 100 OFF LPP 2 0
1455300523129667591,2021-11-01 22:27:37+00:00,2,0,Nope If you have 1 0 you will automatically get access to 2 0
1455264875869978624,2021-11-01 20:05:58+00:00,3,1,LPP 2 0 is live Who is ready to be one of the first to check it out Which do you want
1451380398986907650,2021-10-22 02:50:27+00:00,1,0,
1450946486871552001,2021-10-20 22:06:14+00:00,0,0,What
1450941767512068099,2021-10-20 21:47:29+00:00,66,15,I m just gonna leave this here
1450882614206758915,2021-10-20 17:52:25+00:00,48,6,I will tell you exactly where to buy and sell
1449113287371546628,2021-10-15 20:41:45+00:00,33,7,Every trade should be planned out before it s ever taken
1449035856958816259,2021-10-15 15:34:04+00:00,24,3,What does your trading set up look like
1448724084129353732,2021-10-14 18:55:12+00:00,1,0,Hahaha thanks
1448721451364732946,2021-10-14 18:44:44+00:00,9,0,Neal it s me I swear lol
1448720676475457563,2021-10-14 18:41:39+00:00,17,1,Some new things coming to Learn Plan Profit 2 0 English amp Spanish
1448719419610320903,2021-10-14 18:36:40+00:00,39,3,Got my Twitter account back finally
1332763410921103362,2020-11-28 19:08:53+00:00,32,4,DONT MISS OUT
1319028735228571648,2020-10-21 21:32:11+00:00,17,4,LPP Course Walkthrough
1286729235478933504,2020-07-24 18:25:30+00:00,6,1,ms izzy Akhtar Hope everyone has a fun and safe weekend
1280620346719129601,2020-07-07 21:50:58+00:00,0,1,JD Just trying to do my part in staying neutral with the stock Competition instills creativity and I m sure we all understand that Nikola has a lot to prove if they want to gain investors trust back Excited to follow up
1280598878408957952,2020-07-07 20:25:39+00:00,1,1,All together I really hope they meet the expectations they have set I m sure we would all love to see them succeed But as of now it doesn t make sense with only renders
1280594173729468417,2020-07-07 20:06:57+00:00,29,3,Following up with nkla it s down 40 since people became aware of the S 1 filing 5 days ago Do you think the drop sub 40 a share
1278473977178886144,2020-07-01 23:42:03+00:00,0,1,No confirmation yet right
1278473742331437058,2020-07-01 23:41:07+00:00,17,3,Just a reminder that our video is just to make you aware of the S 1 filing and what it means for investors as we approach July 3rd I think we can all agree that we would love to see tesla have a direct competitor Truly excited to follow up and hope nkla can actually deliver
1278470362741657600,2020-07-01 23:27:41+00:00,37,5,NKLA stock dropping from 68 down to 63 According to the S 1 filing July 3rd is the date to watch Hope NKLA can make it through be careful
1276392715123519489,2020-06-26 05:51:52+00:00,14,3,See you at market open
1276392583762112513,2020-06-26 05:51:20+00:00,8,3,DONT MISS THIS FREE LIVE TRADING TOMORROW AT MARKET OPEN
1276392425343217664,2020-06-26 05:50:43+00:00,12,3,FREE LIVE TRADING TOMORROW AT MARKET OPEN
1273724023801671681,2020-06-18 21:07:26+00:00,111,32,
1273723902720524288,2020-06-18 21:06:57+00:00,10,2,If you are wanting to get started here are 5 spots for 50 of Learn Plan Profit Let me know if you have any questions They will go fast
1271277932686635009,2020-06-12 03:07:33+00:00,123,5,New lambo vid what you think
1260660198605074433,2020-05-13 19:56:27+00:00,14,1,Is Natural Gas About To Go Negative
1256267915797516290,2020-05-01 17:03:06+00:00,41,2,Love seeing this
1255975230461231104,2020-04-30 21:40:04+00:00,15,2,Lesss goo Welcome to the team
1255851080560201729,2020-04-30 13:26:44+00:00,6,4,Free live trading starts now
1255625880988119045,2020-04-29 22:31:53+00:00,22,4,I m going to be hosting a Free Live Trading session at market open tomorrow If you want to watch subscribe to my YT and turn your post notifications on
1251289923887366144,2020-04-17 23:22:20+00:00,12,2,Should I host a contest just for LPP students
1243559986346647553,2020-03-27 15:26:19+00:00,30,3,Hope you all enjoyed the free live trading If you still didn t get to check it out here is the link
1243278722108502016,2020-03-26 20:48:41+00:00,8,4,Click here to tune in live
1243237473674596352,2020-03-26 18:04:46+00:00,12,2,Are you interested in tuning in if I do a Free Live Trading tomorrow morning
1242138620909121537,2020-03-23 17:18:19+00:00,14,2,1 STOCK MARKET TRADING CHALLENGE FOR BEGINNERS
1240681722510884864,2020-03-19 16:49:08+00:00,40,4,What are you waiting for If you don t start learning now when will you Stop telling yourself you will do it one day If you want to learn to trade DM me TODAY I will send you a coupon so you can start learning today Let s get it
1239972687436320770,2020-03-17 17:51:40+00:00,1,1,Lesss gooo
1239970001492127747,2020-03-17 17:41:00+00:00,107,11,ATTENTION If you are in quarantine cant go to work not getting paid and bored with all of the media you can always LEARN TO TRADE I can teach you how I made over 2 300 today
1239939767082467328,2020-03-17 15:40:52+00:00,3,2,Check this out
1239583167285100544,2020-03-16 16:03:52+00:00,49,7,Everyone The market is crashing harder everyday I m gonna loose all my money Me
1237410858050846720,2020-03-10 16:11:53+00:00,12,3,Is it time to buy the dip or wait for reversal
1232089769028407296,2020-02-24 23:47:46+00:00,46,17,
1228326949644201990,2020-02-14 14:35:40+00:00,0,1,Not me Please report it
1218251550176333824,2020-01-17 19:19:38+00:00,68,3,Hello twitter it s been a while how s everyone do this week
1199734894588354561,2019-11-27 17:01:03+00:00,8,2,BLACK FRIDAY 100 OFF Learn Plan Profit gt gt gt gt
1199429738550284289,2019-11-26 20:48:28+00:00,16,7,Want a chance to win a Staycation to AZ with the Techbuds Team And get 100 off Learn Plan Profit
1197234318327726085,2019-11-20 19:24:39+00:00,9,3,Interested in knowing the ETF s I trade Click here to download my free e booklet
1195069070686613504,2019-11-14 20:00:44+00:00,54,6,The Cat knows where the values at
1195030871293624320,2019-11-14 17:28:56+00:00,20,3,Send me a DM START and let s get you started
1192130993714413569,2019-11-06 17:25:52+00:00,103,27,You re awesome Sometimes you just need to hear it
1189921223725076480,2019-10-31 15:05:02+00:00,14,4,Halloween Sale Today Only
1189890398010740737,2019-10-31 13:02:32+00:00,8,3,Going Live in 30 Min Here is the link
1189599092369850368,2019-10-30 17:44:59+00:00,17,4,Click here to save your spot for our Spooky Free Live Trading
1189204617877311488,2019-10-29 15:37:29+00:00,21,3,This Halloween our Spooky Free Live Trading is going to be a blast Click this link to save your spot amp get on the list for 75 off Must open in fb messenger
1187102814599696384,2019-10-23 20:25:40+00:00,39,10,Waiting for confirmation on overall direction is one of the most over looked steps in day trading reversals Keep it simple daytrading joker funnymemes investing patience
1186727728738758657,2019-10-22 19:35:13+00:00,4,1,You get whatever you paid refunded fully
1186682024238518272,2019-10-22 16:33:36+00:00,82,130,Okay Twitter Let s get to 10k followers When we hit 10k I will pick one person who retweeted this tweet and give them 100 free access to LPP the live streams the private group and the course content free Good luck and let s hit 10k
1184927877214564352,2019-10-17 20:23:15+00:00,4,2,Lol you retweeted my course giveaway obviously you want my course Let s compare the thousands of Green Day s I have had over years of trading amp the handful of red days I have had Then get back to me
1184883040801021953,2019-10-17 17:25:05+00:00,40,4,Attention all High School amp College Students
1184332199358689280,2019-10-16 04:56:14+00:00,51,4,Click here to join my team and start watching me day trade LIVE everyday
1183499143437672450,2019-10-13 21:45:58+00:00,22,3,Who s ready for the Sunday stock talk tonight
1182392338485637120,2019-10-10 20:27:55+00:00,49,6,
1180992256414629888,2019-10-06 23:44:30+00:00,4,2,What is one thing you do every Sunday to prepare for the week Turn your post notifications on
1179472857044111360,2019-10-02 19:06:57+00:00,125,23,When Robinhood and Webull hear the news on free commission by td Ameritrade and Charles schwab
1178576680916439042,2019-09-30 07:45:52+00:00,2,1,market open
1178576612272398336,2019-09-30 07:45:35+00:00,2,1,Yes
1178533686393724929,2019-09-30 04:55:01+00:00,2,1,king No prob
1178529749993312258,2019-09-30 04:39:23+00:00,18,35,RETWEET THIS if you are tuning in for the free live trading session tomorrow morning I will be picking 10 Winners with a grand prize of 1 000 If you want a chance to win click this link
1177711509503279104,2019-09-27 22:27:59+00:00,22,5,Click this link And open in your FB messenger We will see you Monday
1176918339349708800,2019-09-25 17:56:12+00:00,1,1,No there are 10 winners the top prize is 1 000 and free access to LPP and the other 9 spots are other prizes Ex LPP for just 50
1176652060072136706,2019-09-25 00:18:06+00:00,38,32,Learn Plan Profit Giveaway RT amp Share w your friends Click here to enter
1176170271620780032,2019-09-23 16:23:39+00:00,3,2,When trading what do you struggle with the most
1173393397056303106,2019-09-16 00:29:21+00:00,16,3,SUNDAY STOCK TALK You do not want to miss this one Get ready for a profitable trading week
1172349248848814082,2019-09-13 03:20:16+00:00,14,4,The Giveaway winner is shoot me a DM and I ll get you set up with Learn Plan Profit for free We will be doing more giveaways like this What should we giveaway next
1172281366504886272,2019-09-12 22:50:32+00:00,23,8,THANK YOU ALL FOR ENTERING IN THE GIVEAWAY I wanted to share a gift for your participation here is 50 off LPP it expires in 24 hours Don t worry If you are enrolled and you win you will receive a full refund I hope I can be apart of your success
1172235445842743296,2019-09-12 19:48:04+00:00,26,12,Giveaway has a few hours left Make sure you retweet and follow Winner will be announced tonight
1171873291990003712,2019-09-11 19:48:59+00:00,122,186,RT amp FOLLOW TO ENTER 1 Winner will receive access to Learn Plan Profit FOR LIFE Winner will be chosen in 24 hours
1171870065299353601,2019-09-11 19:36:10+00:00,139,16,Who is ready for a little twitter giveaway
1170871748117450753,2019-09-09 01:29:13+00:00,12,2,Sunday Stock Talk Live Now
1169643115910615040,2019-09-05 16:07:04+00:00,39,4,Let me know what you think
1168280649012170753,2019-09-01 21:53:06+00:00,15,3,Click here
1167173940722057216,2019-08-29 20:35:27+00:00,30,4,REAL ESTATE FOR BEGINNERS
1166047831540391937,2019-08-26 18:00:41+00:00,29,3,Who profited today Post your profits in the comments below
1164982956785467392,2019-08-23 19:29:15+00:00,206,35,I want to create and motivate
1159726771782078464,2019-08-09 07:23:03+00:00,7,3,Tomorrow is our FREE Live Trading so i know you have friends who want to learn more about what you do It would be great if you invite 1 person to our live trading tomorrow Feel free to share the link on your social platforms
1159495535587315713,2019-08-08 16:04:12+00:00,112,22,How I feel when I get rejected by resistance lol
1158396151185362944,2019-08-05 15:15:39+00:00,9,4,Hot off the Press Check out my new trading check list Retweet amp Share with anyone who wants to get started trading
1157360983695716353,2019-08-02 18:42:15+00:00,32,4,Just finished the day trading glad I'm back in AZ I hope everyone has a fantastic weekend
1154899137290072064,2019-07-26 23:39:45+00:00,1,1,No you do not only LPP students
1154442894771535872,2019-07-25 17:26:49+00:00,16,5,
1154420415034380288,2019-07-25 15:57:29+00:00,14,3,Which would you prefer Someone
1154066314085847042,2019-07-24 16:30:25+00:00,15,2,Shoutout to the hard working students of Learn Plan Profit It is amazing seeing everyone's growth and profits everyday Truly Blessed to have so many great people on my team BlessedAndGrateful Click the link in bio to get your journey started
1154062472552177664,2019-07-24 16:15:09+00:00,9,2,How do you learn best
1153687803231739904,2019-07-23 15:26:21+00:00,33,2,Up 2 400 trading on the day Who else is getting guac on taco Tuesday
1151544494178750464,2019-07-17 17:29:36+00:00,27,4,Just locked in profits for the day how did everyone do today
1150849071373901824,2019-07-15 19:26:15+00:00,58,11,An Inside Look at My Morning Routine
1150601344983584768,2019-07-15 03:01:52+00:00,81,47,Trade to learn do not trade to profit Retweet if you agree
1149715961991221248,2019-07-12 16:23:40+00:00,68,7,If anyone goes to Area51 can you ask the aliens if they have figured out a way yet to never make a red trade
1149372003813453824,2019-07-11 17:36:54+00:00,12,5,Answer this honestly I am in the stock market
1148688315559792640,2019-07-09 20:20:10+00:00,26,5,LIVE TRADING RECAP FROM TODAY let me know what you think tradingforbeginners
1148256518229282817,2019-07-08 15:44:22+00:00,31,3,Profit update
1146070365044502530,2019-07-02 14:57:22+00:00,50,3,1 000 a day what is your daily goal
1145770310358249472,2019-07-01 19:05:04+00:00,19,2,Solid morning trading some consistent patterns trader
1144626854243921920,2019-06-28 15:21:22+00:00,25,3,Had a blast trading Live this morning if you missed out on the FREE live trading here is the link to watch how I made 2 100
1144378753717395456,2019-06-27 22:55:31+00:00,14,4,Save your spot for tomorrows free Live Trading
1138461431043698688,2019-06-11 15:02:11+00:00,60,3,Done trading on the day gonna get extra guac for taco Tuesday
1138122680983408640,2019-06-10 16:36:07+00:00,26,3,When you get you have to work your way Good start to Monday
1137061158681055233,2019-06-07 18:18:00+00:00,21,5,Boom Do you check this content out on our Techbud Solutions insta
1136664362058362880,2019-06-06 16:01:16+00:00,44,5,Today s profit update over 15k on the week so far
1136344684815474688,2019-06-05 18:50:59+00:00,33,4,Profit update
1135606137468870656,2019-06-03 17:56:16+00:00,32,3,Trading DGAZ today What are you trading
1134256020543295488,2019-05-31 00:31:23+00:00,16,5,FREE LIVE TRADING TOMORROW AT MARKET OPEN 5 31 Invite a friend for a gift See you tomorrow
1133879800026636288,2019-05-29 23:36:25+00:00,1,1,Yes
1133766236720861184,2019-05-29 16:05:09+00:00,31,3,Done trading for the day Who is looking forward to the NG report tomorrow morning
1132947206510481413,2019-05-27 09:50:37+00:00,31,4,Coupon code MEMORIAL
1130334721785729025,2019-05-20 04:49:32+00:00,132,20,Have you guys ever stop to think how crazy it is we live in a world where we put money into a stock and sell it a couple minutes later for profit in which you can use to pay rent bills food and of course chipotle with guac So blessed to live in a time this is all possible
1130166360133079040,2019-05-19 17:40:32+00:00,16,6,
1129598200199802880,2019-05-18 04:02:52+00:00,115,16,Real talk
1127976809167872000,2019-05-13 16:40:02+00:00,33,4,Little profit update HAPPY MONDAY how is every doing today
1126877300375445505,2019-05-10 15:50:59+00:00,30,3,The two winners are rudyruiz16 Congratulations Please DM me to claim If you didn t win don t worry we are going to be doing another giveaway on FB
1126856432031191040,2019-05-10 14:28:04+00:00,45,7,Giveaway winners will be announced in 1 hour
1124743459187744768,2019-05-04 18:31:52+00:00,34,7,If you win and bought the course you will be REFUNDED ANY STUDENT CAN WIN
1124743073169170432,2019-05-04 18:30:20+00:00,35,25,WINNER WILL BE ANNOUNCED TUESDAY This tweet must have 250 Retweets
1124742909830393856,2019-05-04 18:29:41+00:00,147,199,Giveaway 2 FREE access to Learn Plan Profit lesson library group chat amp Daily live trading 2 winners will be chosen RT Tag 1 friend and follow to enter Also those who enter can use the code TWITTER to Save 50 OFF
1124371618313072640,2019-05-03 17:54:18+00:00,59,5,Maybe there is going to be a New Twitter course giveaway tomorrow maybe not we will have to wait to see
1124371451270721537,2019-05-03 17:53:38+00:00,24,4,Love seeing this
1121397132781441024,2019-04-25 12:54:45+00:00,15,2,Free live trading today on my YouTube Will be going live at market open Turn your post notifications on now
1120340881515540481,2019-04-22 14:57:35+00:00,76,3,Since so many people liked the last giveaway I was thinking we do another one but changing the rules a bit and having 2 winners What should we do
1119419156560928770,2019-04-20 01:54:59+00:00,19,6,THE WINNER HAS BEEN PICKED The winner of the Free course is Congrats If you didn t win this one don t worry we will be doing more giveaways just for twitter amp you can still use 50 Off for the next 24 hrs
1119296249918713856,2019-04-19 17:46:36+00:00,54,6,TWITTER GIVEAWAY WINNER WILL BE ANNOUNCED TODAY One of you will be getting a FREE course
1118283237325828096,2019-04-16 22:41:15+00:00,24,3,We will be picking the giveaway winner THIS FRIDAY
1118005799005986819,2019-04-16 04:18:48+00:00,17,2,I listened to you guys Check out my pinned tweet
1117988971072475136,2019-04-16 03:11:56+00:00,23,4,If you win and bought the course you will be REFUNDED
1117987207870963712,2019-04-16 03:04:56+00:00,106,117,Giveaway FREE access to Learn Plan Profit lesson library group chat amp Daily live trading 1 winner will be chosen RT Tag 1 friend and follow to enter Also those who enter can use the code TWITTER to Save 50 OFF
1117964572952895488,2019-04-16 01:34:59+00:00,74,3,Should we do a course giveaway just on Twitter
1116002984859557888,2019-04-10 15:40:20+00:00,11,2,Happy hump day is everyone green today
1115638622798016512,2019-04-09 15:32:29+00:00,19,1,Profit update Back to back 1 000 days to start the week If you are struggling with consistency shoot me a DM on discord LEARNPLANPROFIT
1113478342982782977,2019-04-03 16:28:19+00:00,4,0,New Video out now Learn to stay away from stocks like this
1113089297337339904,2019-04-02 14:42:23+00:00,16,2,Next car Video suggestions for YouTube
1112762766824103939,2019-04-01 17:04:52+00:00,1,0,Want to hop on a call and discuss how to get started learning to trade
1112437019282595840,2019-03-31 19:30:28+00:00,7,0,LAST DAY TO ENTER THE TECHBUDS STAYCATION 2 DAY VISIT TO AZ WITH ME amp TECHBUDS TEAM 1 RANDOM LPP MEMBER WILL WIN TOMORROW HERES A 40 COUPON JOIN NOW
1111750129390751744,2019-03-29 22:01:00+00:00,2,0,1 529 PROFIT UPDATE TEAM Hope you all killed it On my way to San Francisco Let s stay green Learn More
1111712116237451266,2019-03-29 19:29:57+00:00,2,0,
1111652556994797568,2019-03-29 15:33:17+00:00,19,2,What s everyone s opinion of the LyFt IPO Comment amp Let me know
1110670830155882496,2019-03-26 22:32:15+00:00,3,1,Will you be tuning into the Free Live Trading tomorrow at market open It is for everyone who want to get a taste of what the LPP team experiences everyday
1110201105646931968,2019-03-25 15:25:44+00:00,6,0,Here is my TESLA swing trade update and answering the question if due to the market pulling back will i be selling my tesla swing trade Video
1108771008545062912,2019-03-21 16:43:03+00:00,13,1,
1108738406329151489,2019-03-21 14:33:30+00:00,3,0,
1108402879214182400,2019-03-20 16:20:14+00:00,4,2,EXACTLY
1108402611143622656,2019-03-20 16:19:10+00:00,7,0,Should I keep posting on STOCKTWITS
1108388130728505346,2019-03-20 15:21:37+00:00,29,8,Lock in profits Simple
1108386742711672834,2019-03-20 15:16:06+00:00,14,2,Broke 2k profit today what are your profits so far LEARNPLANPROFIT
1108373702536617985,2019-03-20 14:24:17+00:00,10,1,
1108126561411035136,2019-03-19 22:02:14+00:00,7,1,FIRST 10 PEOPLE Start trading live with me tomorrow morning LEARNPLANPROFIT
1108112811064991745,2019-03-19 21:07:36+00:00,1,0,Dude I got you
1107659642975318016,2019-03-18 15:06:52+00:00,16,6,Retweet this if you are participating in the 1 000 challenge accountability
1107322129505107968,2019-03-17 16:45:43+00:00,11,4,Happy Sunday Everyone Just a friendly reminder that we have our SUNDAY STOCK TALK at 6 30pm PST Please have your 1 stock in the ticker callout format posted in the group alerts channel Have your post notifications ON for the alert when I go live
1106575977667125249,2019-03-15 15:20:46+00:00,16,0,
1106217149859663872,2019-03-14 15:34:55+00:00,13,2,
1105983848133718017,2019-03-14 00:07:52+00:00,27,1,
1105484203691409408,2019-03-12 15:02:27+00:00,6,3,
1105206576732762113,2019-03-11 20:39:16+00:00,23,0,Crushed my daily goal LEARNPLANPROFIT
1102956401742110720,2019-03-05 15:37:52+00:00,25,2,Do you think this is parenting goals LearnPlanProfit
1102429047487754240,2019-03-04 04:42:21+00:00,5,0,Don t miss this Sunday s Stock Talk
1101520982773096448,2019-03-01 16:34:02+00:00,0,1,dud23 LPP is a one time fee and you get lifetime access
1101520866226003968,2019-03-01 16:33:34+00:00,1,1,I have a beginners playlist on YouTube the vids are free I would start there
1101520719895134208,2019-03-01 16:32:59+00:00,0,1,Hey Vincent it s like everything in life if you try to spread yourself to thin and do sooo much you will be mediocre at a bunch of things instead of finding your niche and being excellent at it you just need to try some different approaches and find your niche don t rush it
1099821275558506496,2019-02-25 00:00:00+00:00,5,0,
1099170058587189248,2019-02-23 04:52:18+00:00,0,1,Yes it does you get to watch me trade live everyday
1099071842151653376,2019-02-22 22:22:01+00:00,5,0,10 spots available
1098285685004394496,2019-02-20 18:18:07+00:00,2,1,
1095895382255529984,2019-02-14 03:59:54+00:00,1,1,I trade live everyday with my group
1095886368624898048,2019-02-14 03:24:05+00:00,1,1,Hey Dan There are a lot of Canadian based traders in my group I would recommend conversing with traders who are in similar situations as you and get their opinions as well If you have any other questions shoot me a DM on discord I wish you the best
1095853343598174209,2019-02-14 01:12:51+00:00,0,1,This is the real Ricky
1095773033510236160,2019-02-13 19:53:44+00:00,0,1,You re the man Carlos
1095770286484385792,2019-02-13 19:42:49+00:00,2,2,Thanks man Same to you
1095768969196138496,2019-02-13 19:37:35+00:00,0,1,iroRam irez Lol thanks brotha it s all good just a bunch of irrelevant people
1095768507097133057,2019-02-13 19:35:45+00:00,110,7,I m not sure why but everyone has been roasting me on Twitter lately I just want to give a huge shoutout to the real traders and followers that support I know I m not as active on twitter but I appreciate you guys so much
1093567070149652480,2019-02-07 17:48:01+00:00,28,2,Who is profiting today
1092826076424765440,2019-02-05 16:43:35+00:00,7,3,Yes I offer a discount to veterans Just send me a DM on discord and I will send it to you Thank you
1092825584218955776,2019-02-05 16:41:37+00:00,4,2,I have a feeling this will start a trend of quoting things I say in the live streams let the games begin
1092172019053977600,2019-02-03 21:24:35+00:00,4,0,Who s winning today
1091435375862542337,2019-02-01 20:37:26+00:00,8,1,New Techbuds Lifestyle video posted feat Justin s M4 check it out
1089915873819734019,2019-01-28 15:59:28+00:00,34,2,Not a bad start to the week let s kill it this week team learnplanprofit
1089579323940454405,2019-01-27 17:42:08+00:00,7,0,You re not gonna wanna miss today s Sunday stock talk
1088843110904344577,2019-01-25 16:56:42+00:00,2,0,Check out what the LPP students get everyday
1088801359342690304,2019-01-25 14:10:47+00:00,4,0,JANUARY 25TH LIVE TRADING WITH RICKY GUTIERREZ
1088468398852386816,2019-01-24 16:07:43+00:00,10,0,Profit update LEARNPLANPROFIT
1088182244458414080,2019-01-23 21:10:39+00:00,22,6,Share this with 3 people that neeed to hear this message motivate
1088181956867588096,2019-01-23 21:09:30+00:00,1,0,
1088106510083735554,2019-01-23 16:09:42+00:00,20,2,Always gotta feed them team Kaleb getting a little snack techbudsolutions
1087769157460848640,2019-01-22 17:49:11+00:00,14,1,Profit update RETWEET If you made less than 3 500 today and want to learn how LEARNPLANPROFIT
1087032620465045504,2019-01-20 17:02:27+00:00,9,0,
1086337362961981440,2019-01-18 18:59:45+00:00,8,0,Do you guys follow me on StockTwits
1086284686479872001,2019-01-18 15:30:26+00:00,13,0,
1085901406911877122,2019-01-17 14:07:25+00:00,19,0,
1083506245909196800,2019-01-10 23:29:54+00:00,24,1,After market money movesss
1083410113610706944,2019-01-10 17:07:54+00:00,6,0,Join the hottest investing group in the world with over 183 000 members
1083408511667556353,2019-01-10 17:01:32+00:00,6,0,Coming in hot with anotha profit update EXTRA GUAC TODAY
1083405929092079616,2019-01-10 16:51:16+00:00,7,1,Lesss get that guac LearnPlanProfit
1083399320227872768,2019-01-10 16:25:01+00:00,20,2,Just broke 1 100 on the day How are the teams profits looking LEARNPLANPROFIT
1082311828842020864,2019-01-07 16:23:43+00:00,11,0,3k daysss lesss gooo happy Monday LEARNPLANPROFIT
1082286646970572800,2019-01-07 14:43:39+00:00,21,0,Lesss gooo little profit update from DGAZ LEARNPLANPROFIT
1081227242435268609,2019-01-04 16:33:57+00:00,18,1,Happy Friday Team Lock in those profits LEARNPLANPROFIT
1079759599132041216,2018-12-31 15:22:04+00:00,45,5,Retweet and share one goal you have for 2019 motivation HappyNewYear2019
1079754584384393218,2018-12-31 15:02:08+00:00,14,2,How is everyone s morning going
1079442077568589824,2018-12-30 18:20:21+00:00,2,0,
1079441536897626113,2018-12-30 18:18:12+00:00,6,0,
1079094693084880897,2018-12-29 19:19:58+00:00,5,0,For those that missed the opportunity to get 75 off yesterday here is your chance to get 50 off CLICK HERE LEARNPLANPROFIT
1078687786117455872,2018-12-28 16:23:03+00:00,8,2,To make sure you end the year on a green note we discounted LPP by 75 click here to start learning RETWEET TO SAVE 75
1078687076403490816,2018-12-28 16:20:14+00:00,7,0,We annocuned the giveaway winner this morning live You re not gonna want to miss it
1078657404793872384,2018-12-28 14:22:20+00:00,8,0,PROFIT UPDATE Click here to watch me make profit live
1078657225751638016,2018-12-28 14:21:37+00:00,7,0,
1078014884774699008,2018-12-26 19:49:11+00:00,22,0,
1077973552618328064,2018-12-26 17:04:57+00:00,28,0,
1077950213044633600,2018-12-26 15:32:12+00:00,5,1,Not bad not bad just getting warmed up profits LEARNPLANPROFIT
1076982192968888321,2018-12-23 23:25:38+00:00,15,2,Do not forget SUNDAY STOCK TALK TONIGHT at 6 30MST don t miss it
1075792268932538369,2018-12-20 16:37:18+00:00,9,2,My crashed GTR lol gonna miss her
1075792026895974400,2018-12-20 16:36:21+00:00,4,1,I love it
1075791484278853632,2018-12-20 16:34:11+00:00,17,0,
1075417874578067457,2018-12-19 15:49:36+00:00,11,0,2k on the day so far LEARNPLANPROFIT
1075391590888173568,2018-12-19 14:05:09+00:00,27,0,Profit update
1075391507366965248,2018-12-19 14:04:49+00:00,0,0,Yep
1075383384233263104,2018-12-19 13:32:33+00:00,26,1,Already up over 1 000 on the day pre market BOOM BOOM BOOM
1075067691470221312,2018-12-18 16:38:06+00:00,1,0,Lol take care of her please
1075054910415073280,2018-12-18 15:47:18+00:00,12,0,LEARNPLANPROFIT
1074924890979950592,2018-12-18 07:10:39+00:00,8,1,In case you guys missed the Nissan dealership crashed my GTR today
1074690506834100224,2018-12-17 15:39:18+00:00,1,0,Why Is NATURAL GAS Selling Off via
1074332219806605312,2018-12-16 15:55:35+00:00,11,2,Do not forget SUNDAY STOCK TALK TONIGHT LIVE ON YOUTUBE 6 30mst
1073254483105173504,2018-12-13 16:33:03+00:00,23,2,Boom boom boom profit update How green is everyone else today LEARNPLANPROFIT
1072941319666905088,2018-12-12 19:48:39+00:00,9,1,How is everyone s hump day treating them
1072735885987172353,2018-12-12 06:12:20+00:00,8,1,PLEASE REPORT
1072155221718065157,2018-12-10 15:44:59+00:00,32,1,How is everyone s trading going today
1071903099495702528,2018-12-09 23:03:08+00:00,10,2,SUNDAY STOCK TALK TONIGHT 6 30mst don t miss it
1070882718395723776,2018-12-07 03:28:30+00:00,0,0,Ofcourse I post every morning in the Morning chat library in the LPP private group Please let me know if you have any questions
1070794531279261696,2018-12-06 21:38:05+00:00,16,3,Lessss gooo congrats
1070741061214003201,2018-12-06 18:05:37+00:00,1,0,I am unable to discuss taxes I apologize
1070729466844897280,2018-12-06 17:19:32+00:00,20,2,Team don t be afraid to message me I m HERE FOR YOU GUYS Have a great Thursday everyone TEAM
1070718399536259072,2018-12-06 16:35:34+00:00,8,1,BREAD ALERT LEARNPLANPROFIT
1070717090623934466,2018-12-06 16:30:22+00:00,1,0,You got this if you have any questions along the way please let me know
1070715153417523201,2018-12-06 16:22:40+00:00,12,2,Happy Thursday Team Profit Update
1070372598406569985,2018-12-05 17:41:28+00:00,32,1,How s everyone s day off treating them
1069996804895236097,2018-12-04 16:48:12+00:00,1,0,Buumer TD ameritrade
1069993762686816256,2018-12-04 16:36:07+00:00,26,2,
1069983033145536512,2018-12-04 15:53:29+00:00,7,2,Goal for the day accomplished LEARNPLANPROFIT
1069265055139606528,2018-12-02 16:20:29+00:00,28,9,DO NOT FORGET Sunday stock talk tonight Breakdown stocks live Make a plan for the week Learn some tips tricks Learn to make BREAD RETWEET IF YOU ARE GOING TO WATCH LIVE Tonight 6 30mst
1068575326693801984,2018-11-30 18:39:45+00:00,23,2,
1068507623144677376,2018-11-30 14:10:43+00:00,4,1,Watch me trade LIVE now
1068206945201352705,2018-11-29 18:15:56+00:00,18,1,MY BIGGEST TRADING DAY EVER
1068182501179383810,2018-11-29 16:38:48+00:00,1,0,You know it
1068175744369455105,2018-11-29 16:11:57+00:00,48,3,Broke 5k this morning I m calling it a day super blessed and thankful I hope everyone has an amazing day LEARNPLANPROFIT
1068172398824841221,2018-11-29 15:58:40+00:00,7,2,
1068151320199065601,2018-11-29 14:34:54+00:00,14,1,Premarket Profits LEARNPLANPROFIT
1067847456170237952,2018-11-28 18:27:27+00:00,6,1,CLICK HERE TO SAVE YOUR SPOT
1067456971932979200,2018-11-27 16:35:49+00:00,5,1,Since so many people have been asking I will extend the CYBER Monday deal for the next 5 people to enroll Click here for your last chance to save 60
1067168810900193281,2018-11-26 21:30:46+00:00,2,0,in Arizona and a 158 Which is why I say I am ONE of the youngest millionaires in AZ
1067121289385537536,2018-11-26 18:21:56+00:00,25,2,
1067102546261532672,2018-11-26 17:07:27+00:00,14,1,Profit update LEARNPLANPROFIT
1067072333209231361,2018-11-26 15:07:24+00:00,5,1,
1067068148074012674,2018-11-26 14:50:46+00:00,6,2,CYBER MONDAY SALE If you missed Black Friday you won t want to miss this Click here to save 60
1066795938490966017,2018-11-25 20:49:06+00:00,15,2,Please do not forget tonight during the Sunday Stock I will be announcing the 500 amp Laptop giveaway winner You will not want to miss it All you have to do is be enrolled in LPP before 6 00MST Good luck
1065335929559117824,2018-11-21 20:07:33+00:00,30,2,PROFIT UPDATE
1065277926982082560,2018-11-21 16:17:04+00:00,11,1,Profit update How is everyone doing today
1065267507605303296,2018-11-21 15:35:40+00:00,10,1,Glad to have you on the team
1065267453855318022,2018-11-21 15:35:27+00:00,12,1,Up 405 on the day thus far will keep everyone updated as the day goes on
1064961238151524352,2018-11-20 19:18:39+00:00,16,1,Name one thing you are thankful for this week Comment below
1064575495952457728,2018-11-19 17:45:51+00:00,17,1,SOLD TEAM 2 611 16 Profit I just hit my weekly goal in 1 day So blessed Thanks to the LPP for watching me Trade live this morning Watch Me Trade
1064554877735460864,2018-11-19 16:23:55+00:00,7,1,Let s get this
1064546157689430017,2018-11-19 15:49:16+00:00,32,2,
1064316684322795520,2018-11-19 00:37:26+00:00,9,2,SUNDAY STOCK TALK TONIGHT In 1 Hour
1063506346895523840,2018-11-16 18:57:26+00:00,26,6,Have you ever wanted to get a taste of what investing in the stock market is all about I will be hosting a LIVE trading Nov 30th Click here to save your spot
1063468828389076992,2018-11-16 16:28:21+00:00,2,1,Absolutely not 249 is a one time payment for lifetime access
1063466909469892613,2018-11-16 16:20:44+00:00,5,1,Because of my huge gains today I will be offering 50 off LPP CLICK HERE TO START YOUR INVESTING JOURNEY LEARNPLANPROFIT
1063444916590788608,2018-11-16 14:53:20+00:00,45,3,Lessss goooo LEARNPLANPROFIT
1063103834329935872,2018-11-15 16:18:00+00:00,32,3,How is everyone s day so far LEARNPLANPROFIT
1062920857272508417,2018-11-15 04:10:55+00:00,20,4,FAKE ACCOUNT PLEASE REPORT props to this guy for making the best fake account I ve ever seen report spam
1062754934494420992,2018-11-14 17:11:36+00:00,22,3,UPDATE
1062730624723673093,2018-11-14 15:35:00+00:00,30,3,Who profited off of UGAZ today
1062414121264570368,2018-11-13 18:37:19+00:00,55,4,
1062030034066530305,2018-11-12 17:11:06+00:00,15,2,UGAZ today What is everyone trading LEARNPLANPROFIT
1061307369391439873,2018-11-10 17:19:29+00:00,12,1,SAVE YOUR SPOT 500 amp Laptop Giveaway winner will be announced at 5pm MST Happy Saturday Learn More
1060918653997080576,2018-11-09 15:34:52+00:00,26,1,Not taking any postitions today I finished the week on a green note I HOPE EVERYONE HAS A SAFE AND BLESSED WEEKEND LEARNPLANPROFIT
1060617691268997120,2018-11-08 19:38:57+00:00,15,1,500 Profit lessss gooo consistency
1060320246643351552,2018-11-07 23:57:01+00:00,3,0,W11 I love how you created a fake account to comment hate To respond to your irrelevant message I upload a daily recap video on YouTube showing my Profits EVERY SINGLE DAY I show my Profits and how I did it Simple right Also UGAZ moved 0 97 overall I scalp buddy boy
1060255209262243840,2018-11-07 19:38:35+00:00,5,1,PROFIT UPDATE LEARNPLANPROFIT
1060197976805564416,2018-11-07 15:51:09+00:00,9,1,Hump day profits not bad What do your profits look like today LEARNPLANPROFIT
1060186480688029696,2018-11-07 15:05:28+00:00,14,5,This means the world to me Please retweet this and share with everyone you know I m so glad to have such an amazing community LEARNPLANPROFIT
1059839228689887232,2018-11-06 16:05:37+00:00,13,1,Update LEARNPLANPROFIT
1059836419345018880,2018-11-06 15:54:27+00:00,23,1,UP OVER 1 100 on the day It s Guacamole time STAYGREEN
1059815565508792320,2018-11-06 14:31:35+00:00,19,2,Tuesday profits sooo far Boom freaking boom boom LEARNPLANPROFIT
1059503894600986626,2018-11-05 17:53:07+00:00,6,1,MOTIVATION MONDAY Team retweet w a comment of your short term GOAL for this week MotivationMonday
1058547719373971456,2018-11-03 02:33:37+00:00,12,2,NEW APPAREL OUT NOW
1058375974486650881,2018-11-02 15:11:10+00:00,22,3,Happy Friday Team LEARNPLANPROFIT
1058036648653377536,2018-11-01 16:42:49+00:00,79,29,New Month New Plans New Goals Let s get this
1057658739031822336,2018-10-31 15:41:08+00:00,4,2,If you want to entered to win 500 all you have to do is be enrolled before the livestream tonight If you are already enrolled you are automatically entered click here to save 40 amp enroll
1057657893326008321,2018-10-31 15:37:46+00:00,10,2,Tonight The 500 LPP WINNER WILL BE ANNOUNCED LEARNPLANPROFIT
1057284682641862657,2018-10-30 14:54:46+00:00,3,1,Should we do a Techbuds Apparel Giveaway
1056943287397888000,2018-10-29 16:18:11+00:00,38,1,My students send me messages like this daily should I share them with everyone LEARNPLANPROFIT
1056597345335369728,2018-10-28 17:23:32+00:00,16,5,SUNDAY STOCK TALK TONIGHT Retweet if you are going to watch me live 6 30mst SUNDAYSTOCKTALK
1055867499932196865,2018-10-26 17:03:23+00:00,9,12,If you want to get started investing join LPP with this 50 off coupon Retweet for a chance to win a course for 50 off LEARNPLANPROFIT
1055842074124140544,2018-10-26 15:22:21+00:00,38,2,
1055841948118863873,2018-10-26 15:21:51+00:00,15,1,Boom 5k on the week trading Consistency was key LEARNPLANPROFIT
1055473254217900032,2018-10-25 14:56:48+00:00,0,0,Have you tried any other platforms yet
1055473114404909056,2018-10-25 14:56:14+00:00,0,0,It has been killing a lot of traders too
1055473037015830530,2018-10-25 14:55:56+00:00,2,0,Sameeeee
1055473004535115776,2018-10-25 14:55:48+00:00,0,0,Excellent
1055472957990948864,2018-10-25 14:55:37+00:00,21,1,Another 1k day LEARNPLANPROFIT consistency
1055469915799355392,2018-10-25 14:43:32+00:00,21,1,How has everyone s trades been today
1055193729202499586,2018-10-24 20:26:04+00:00,30,2,Lesss gooo PROFIT UPDATE LEARNPLANPROFIT
1055148953144983552,2018-10-24 17:28:08+00:00,16,2,Hump day GAINSSSS LEARNPLANPROFIT
1054734246324170752,2018-10-23 14:00:14+00:00,23,5,CHA CHING Extra Guac on a Tuesday LEARNPLANPROFIT
1054416037905498112,2018-10-22 16:55:48+00:00,37,2,Trade less Profit more
1054399791952609280,2018-10-22 15:51:14+00:00,15,4,Sometimes the best trade is not taking a trade ONLY trade what you see value in patience LEARNPLANPROFIT
1054399401886543874,2018-10-22 15:49:41+00:00,24,3,Another great Monday to have a great Monday
1054246712372428800,2018-10-22 05:42:57+00:00,19,7,My cousins charger broke so he had to make one from a iPhone charger lol INNOVATION 1
1054114942356414464,2018-10-21 20:59:21+00:00,11,3,
1053309198891536384,2018-10-19 15:37:37+00:00,36,2,Lessss goooo LEARNPLANPROFIT
1052940047299706882,2018-10-18 15:10:44+00:00,65,6,Lock In Profits
1052323565704339456,2018-10-16 22:21:03+00:00,1,0,Hi Eric
1052295154210463744,2018-10-16 20:28:10+00:00,14,2,My profits goin up on a Tuesday LEARNPLANPROFIT
1052258199921811456,2018-10-16 18:01:19+00:00,1,0,Hi Jose use discount code BOOST I want you on the team
1052258031105335296,2018-10-16 18:00:39+00:00,0,0,Hi Emmad what is the biggest obstacle you are facing as of now with your trading
1052257791828668416,2018-10-16 17:59:42+00:00,2,0,Hi John glad to have you on the team
1052257670332178432,2018-10-16 17:59:13+00:00,2,0,Hi Jory
1052226038225199104,2018-10-16 15:53:31+00:00,2,0,Alex Nguyen Hi Alex
1052225999864193030,2018-10-16 15:53:22+00:00,0,0,Hi Aaron
1052225330604175360,2018-10-16 15:50:42+00:00,103,4,Hi my name is Ricky I day trade
1051863339251298305,2018-10-15 15:52:17+00:00,42,3,Update just broke 2 5k on the day LEARNPLANPROFIT
1051859954896855041,2018-10-15 15:38:50+00:00,2,1,How I Made 2 000 Profit On Swing Trade Ricky Gutierrez via
1051838847326142464,2018-10-15 14:14:58+00:00,25,1,Profits on a Monday LEARNPLANPROFIT
1051567621341044737,2018-10-14 20:17:12+00:00,14,3,EVERYONE DO NOT FORGET Sunday Stock Talk Tonight 6 30MST SUNDAYSTOCKTALK
1050759070657916928,2018-10-12 14:44:19+00:00,47,7,I hope everyone ends today on a green note and has a fun and safe weekend
1050410195300438017,2018-10-11 15:38:00+00:00,84,25,When in doubt pull out lockinprofits
1050046447133982720,2018-10-10 15:32:36+00:00,15,3,Would you watch me live on Twitter
1049683142238396417,2018-10-09 15:28:57+00:00,24,2,Today s profits BOOM BOOM BOOM SHAKALAKA LEARNPLANPROFIT
1049676954696278016,2018-10-09 15:04:22+00:00,86,25,Great things NEVER come from COMFORT ZONES
1049033087697412097,2018-10-07 20:25:52+00:00,13,3,TURN YOUR NOTIFICATIONS ON You re not gonna want to miss this one SUNDAYSTOCKTALK
1048224752173645825,2018-10-05 14:53:50+00:00,16,4,Friday profits baby Let s end this week strong LEARNPLANPROFIT
1047509213541322753,2018-10-03 15:30:32+00:00,43,6,What motivates you to get out of bed and kick ass everyday MclarenMotivation
1046218994124914690,2018-09-30 02:03:40+00:00,47,6,The face I make when I think I buy the dip but it continues to drop HAPPY Saturday and wish you all an amazing and safe weekend team SEE YOU ALL TOMORROW SundayStockTalk
1045770372593868800,2018-09-28 20:21:00+00:00,1,2,Just wanted to let you know that if we get another alert of you scamming people by selling fake courses I ll be happy to have our legal team reach out to you Happy Friday bud
1045697523799621633,2018-09-28 15:31:32+00:00,20,2,Lesss gooo Profits on Friday because of the planning and analysis done Thursday LEARNPLANPROFIT
1045312094361403392,2018-09-27 13:59:58+00:00,22,8,What is your definition of success
1045034359974055936,2018-09-26 19:36:21+00:00,28,2,Sometimes you have to risk it for the biscuit with a stop loss LEARNPLANPROFIT
1044962008599334912,2018-09-26 14:48:51+00:00,0,2,CLICK HERE SHOP ADD COUPON SAVE HUSTLE
1044599502793920512,2018-09-25 14:48:23+00:00,19,6,Who else locked in profits today LEARNPLANPROFIT
1044234651953324032,2018-09-24 14:38:36+00:00,35,10,Sometimes the best trade is not taking a trade LEARNPLANPROFIT
1043168471545077760,2018-09-21 16:01:59+00:00,25,2,Happy Friday Twitter
1043146708975116288,2018-09-21 14:35:30+00:00,28,5,And we have made it through another week I just want to give a huge shoutout to all of the traders who killed it and want to give a warm welcome to all new members LEARNPLANPROFIT
1042783135090409473,2018-09-20 14:30:48+00:00,6,3,Learn Plan Profit Morning Live Chat NOW
1042781455435259910,2018-09-20 14:24:07+00:00,25,2,Profits for the day LPP
1042445945483472896,2018-09-19 16:10:55+00:00,91,34,THE MOST VALUEABLE THING YOU CAN MAKE IS A MISTAKE YOU CAN T LEARN ANYTHING BY BEING PERFECT
1042430850225192960,2018-09-19 15:10:56+00:00,3,2,Awesome live stream with my LPP this morning if you want to get a taste of one of the many benefits of LPP click the link and join me live tomorrow
1042095289253822464,2018-09-18 16:57:32+00:00,12,3,Literally get hundreds of these daily I love seeing the team kill it LEARNPLANPROFIT
1042095035087323136,2018-09-18 16:56:32+00:00,11,2,Lesss gooo Happy Tuesday LEARNPLANPROFIT
1042075522090512384,2018-09-18 15:38:59+00:00,9,2,DROP A LIKE ON TODAYS IG POST
1041702700990132224,2018-09-17 14:57:32+00:00,65,23,Don t hear noise listen to wisdom warrenbuffett StockMarket LPP
1041431531883966464,2018-09-16 21:00:00+00:00,16,4,4 more hours until the Sunday Stock Talk Who will be joining me live SundayStockTalk
1040603737411092480,2018-09-14 14:10:39+00:00,100,38,People wait all week for Friday all year for summer and all life for happiness Why wait
1040286908406874112,2018-09-13 17:11:41+00:00,53,6,Hi I m Ricky I day trade Fortnite
1039888210942255105,2018-09-12 14:47:24+00:00,60,21,Wake up with a smile on your face every morning Every breathe is a blessing retweet if you agree
1039173161932087296,2018-09-10 15:26:03+00:00,17,6,So far so good this morning from my new house Hope everyone s week is starting off on a green note And if it s not let s find out why DM me on discord LEARNPLANPROFIT
1038935274628116481,2018-09-09 23:40:46+00:00,9,8,RETWEET THIS if you will be joining me in less than 2hrs LIVE on YouTube for the Sunday Stock Talk
1035533247340527621,2018-08-31 14:22:20+00:00,18,2,Greece has been good to me TravelAndTrade LEARNPLANPROFIT
1034947181877374976,2018-08-29 23:33:31+00:00,16,2,Not bad for trading on the go all day from my iPhone TradeandTravel LEARNPLANPROFIT
1034469286276935680,2018-08-28 15:54:32+00:00,21,2,Profits from Italy LEARNPLANPROFIT TravelandTrade
1033025707692023809,2018-08-24 16:18:16+00:00,10,2,Profits today LEARNPLANPROFIT
1033025284574826496,2018-08-24 16:16:35+00:00,17,3,if you are a student of LPP you automatically entered LEARNPLANPROFIT
1032686629452804096,2018-08-23 17:50:53+00:00,18,3,Lesss goooo how is everyone s Thursday LEARNPLANPROFIT
1030592991944048641,2018-08-17 23:11:31+00:00,0,1,Tos by TD Ameritrade
1030569141072158720,2018-08-17 21:36:44+00:00,12,2,500 more after hours LEARNPLANPROFIT LIGMAPROFITS
1030516580180869120,2018-08-17 18:07:53+00:00,18,2,Blessed to have closed this Friday 809 in the green All my trades were caught live for those who are a part of the LPP team Let s lock in those gains Learn More LEARNPLANPROFIT profit Daytrader techbuds stocks
1030138217830338560,2018-08-16 17:04:24+00:00,16,2,BOOM BOOM BOOM use coupon code 300K LEARNPLANPROFIT LIGMAPROFITS
1030132230629220352,2018-08-16 16:40:37+00:00,8,2,Thank you for 300k subscribers to save 50 now use coupon code 300K LEARNPLANPROFIT FLIPPINGWHEELS
1029413361484587008,2018-08-14 17:04:05+00:00,25,2,Just checking in How is everyone s trades going today
1028786675860688896,2018-08-12 23:33:52+00:00,21,2,Who is tuning into the Sunday Stock Talk Comment below if you will watch live at 6 30 MST
1027591325074436096,2018-08-09 16:23:58+00:00,17,3,Better day than yesterday for sure LEARNPLANPROFIT
1026488076489482241,2018-08-06 15:20:03+00:00,20,2,Solid morning so far team LEARNPLANPROFIT
1026178485079879680,2018-08-05 18:49:50+00:00,15,12,VOTE amp RETWEET IF YOU ARE JOINING ME LIVE FOR OUR SUNDAY STOCK TALK Tonight 6 30
1026178361435906048,2018-08-05 18:49:21+00:00,2,2,Ricky Gutierrez via
1025079817991938048,2018-08-02 18:04:08+00:00,26,5,Slower day but GREEN IS GREEN BABY LEARNPLANPROFIT
1024764241729863680,2018-08-01 21:10:09+00:00,10,2,NEW APPAREL Click the link to get yours for only 15 PROFIT
1024349761044865024,2018-07-31 17:43:09+00:00,30,3,How did you guys do today consistency LEARNPLANPROFIT
1023965645136789504,2018-07-30 16:16:48+00:00,20,3,Warms my heart I love hearing feedback like this Retweet and comment your experience with LEARNPLANPROFIT
1022494876267503617,2018-07-26 14:52:30+00:00,35,7,Thank you for dipping LEARNPLANPROFIT
1022162777241055232,2018-07-25 16:52:51+00:00,18,3,Closed the day with the LEARN PLAN PROFIT Team Strong Blessed beyond belief We have 2 more days of opportunity let s get it profit daytrading stocks blessed
1021790397754822656,2018-07-24 16:13:09+00:00,25,3,Profit update from today thus far LEARNPLANPROFIT
1021442599289217024,2018-07-23 17:11:07+00:00,0,1,It s about 7 hours worth of actual content but I would recommend taking your time with a notepad by your side while you complete the course so it should take you longer if you re taking notes etc LMK if you have any other questions
1019274982260527104,2018-07-17 17:37:47+00:00,25,2,Profit update blessed LEARNPLANPROFIT
1019250674553376768,2018-07-17 16:01:12+00:00,12,2,Tuesday morning profits so far LEARNPLANPROFIT
1018915171723407360,2018-07-16 17:48:02+00:00,1,1,Thank you We took down the site for the relaunch of the new apparel Should be up soon
1017860035077001216,2018-07-13 19:55:17+00:00,20,3,Forgot to post this LearnPlanProfit
1017790625263935488,2018-07-13 15:19:29+00:00,24,3,My sister traded today too she kills it LearnPlanProfit
1017790386780057601,2018-07-13 15:18:32+00:00,12,2,Boom LearnPlanProfit
1015331692381257728,2018-07-06 20:28:34+00:00,26,3,Closed today up 559 Profit It s Friday I wish you all the best and hope you have a safe weekend let s stay consistent blessed
1015146871713456128,2018-07-06 08:14:09+00:00,18,2,Slow Day Today But Still Stayed Green 450 Profit Today Let s not over trade and stay consistent tomorrow Team
1014324673314635776,2018-07-04 01:47:02+00:00,79,16,How I feel every time I lock in profits Happy4thofJuly
1014160150930731008,2018-07-03 14:53:16+00:00,21,3,ANOTHA consistent day consistency LearnPlanProfit
1013543936147709952,2018-07-01 22:04:39+00:00,7,4,Going Live 6 30 PM PST SUNDAY STOCK TALK 200K On YouTube
1013468485068808193,2018-07-01 17:04:50+00:00,11,7,Team please visit We are giving away 1 000 and giving everyone who enters 75 off Learn Plan Profit RETWEET
1013468121028366336,2018-07-01 17:03:24+00:00,5,5,Why haven t you signed up for Learn Plan Profit retweet
1013237960035012608,2018-07-01 01:48:49+00:00,15,3,
1012918664939515904,2018-06-30 04:40:03+00:00,31,4,Week 4 of June 2018 I covered 2 271 Profit I fell a little short to my weekly goal of 2 500 but I m pumped and planning for another green week How many of you now look forward to Monday s because of the stock market Week 4 Recap Video
1012719601627512834,2018-06-29 15:29:03+00:00,29,3,Who is pumped for our 4th of July giveaway LEARNPLANPROFIT
1011990937906569218,2018-06-27 15:13:36+00:00,5,1,Please let me know if you have any questions along the way I would love the opportunity to be a part of your success LEARNPLANPROFIT
1011983953241100289,2018-06-27 14:45:50+00:00,20,4,Lessss goo Profits profits profits What s holding you back LEARNPLANPROFIT
1011637025391271937,2018-06-26 15:47:16+00:00,15,3,
1010913517598171136,2018-06-24 15:52:19+00:00,14,9,RETWEET if you are going to be joining us live tonight SST SundayStockTalk Techbudsolutions
1010165564172451841,2018-06-22 14:20:13+00:00,24,2,BOOM Learn to do this Link in bio LEARNPLANPROFIT comment below if you want to make gains like this
1009167534426222592,2018-06-19 20:14:24+00:00,17,4,Anotha day anotha dolla send me a DM if you want to learn to do this LEARNPLANPROFIT
1008056905430810625,2018-06-16 18:41:09+00:00,6,2,THIS VIDEO WILL MAKE YOU LAUGH SOO HARD Entrepreneur Stereotypes
1007765488779210752,2018-06-15 23:23:10+00:00,8,3,Is anyone interested in giving your father a gift of investment education for Father s Day Use discount code FATHER A gift worth thousands You ll be his favorite child for sure LearnPlanProfit
1007479693535150085,2018-06-15 04:27:31+00:00,0,1,BOOM BOOM BOOM looking fresh
1007413791661817856,2018-06-15 00:05:39+00:00,27,6,ATTENTION STUDENTS IF YOU ARE IN HIGH SCHOOL OR COLLEGE AND WANT TO LEARN TO INVEST DM ME LearnPlanProfit
1007413465617608704,2018-06-15 00:04:21+00:00,10,2,IF YOU ARE A VETERAN OR ACTIVE DUTY AND YOU WANT TO LEARN TO INVEST DM ME
1007395907527049222,2018-06-14 22:54:35+00:00,0,1,For what
1007317460255567872,2018-06-14 17:42:52+00:00,22,3,
1007043871404986369,2018-06-13 23:35:43+00:00,0,1,Trading in general
1006694965374697472,2018-06-13 00:29:17+00:00,0,1,Yes I would say majority of students still have their 9 5 s if you would like shoot me a DM in our discord chat and I ll answer any questions you have in detail Thanks again
1006073080886714368,2018-06-11 07:18:09+00:00,1,2,How many of you are students
1005899158635417600,2018-06-10 19:47:02+00:00,18,2,Does having one AirPod in make me look like an entrepreneur entrepreneur TechBudSolutions
1005219048987082752,2018-06-08 22:44:32+00:00,18,3,Check this out
1003698431066562560,2018-06-04 18:02:08+00:00,1,1,I couldn t agree with you more I ll stick to Trading
1003649858656456704,2018-06-04 14:49:07+00:00,34,2,
1002333908975771648,2018-05-31 23:40:01+00:00,17,5,AUDI R8 R8 RETWEET
1002236216433983489,2018-05-31 17:11:49+00:00,28,2,Anotha day LEARNPLANPROFIT
1001984462920519681,2018-05-31 00:31:26+00:00,9,4,Retweet and share your friendship goals techbudsolutions
1001961229974491136,2018-05-30 22:59:07+00:00,0,1,Yes
1001959731060203521,2018-05-30 22:53:10+00:00,0,1,Yes 100 it s an A Z guide Please ask any LPP student they can share their success with you
1001876481566433280,2018-05-30 17:22:21+00:00,11,5,Ricky and Serg playing dance dance revolution in the GTR TechBudSolutions GTR
1001495919529873410,2018-05-29 16:10:08+00:00,8,2,LOL make that 1 415
1001480572844179456,2018-05-29 15:09:09+00:00,26,2,Anotha Day Anotha 1k It s all about consistency LEARNPLANPROFIT
1001146561827500032,2018-05-28 17:01:55+00:00,3,2,CLICK THIS LINK TO SAVE 75
999693531202576384,2018-05-24 16:48:05+00:00,8,2,Follow our new application Trade Olympics so you know what incredible stuff is coming tradeolympics techbudsolutions
999564934231961600,2018-05-24 08:17:05+00:00,12,4,Get ready for it TradeOlympics
998842559467212800,2018-05-22 08:26:38+00:00,1,2,
998750520759042048,2018-05-22 02:20:54+00:00,25,5,WTF This just happened to my corvette
998605318807420928,2018-05-21 16:43:55+00:00,0,1,Alex Nguyen You can start trading with any dollar amount in fact you don t even need any money to learn you can start on TOS and learn to trade without risking any money Which is what a lot of LPP students do
998597364599275521,2018-05-21 16:12:19+00:00,24,5,Up over 1 000 this morning WHAT IS YOUR EXCUSE to not have made 1 000 this morning too Click the link in the bio and stop waiting for a miracle LPP RETWEET
998299341264601088,2018-05-20 20:28:05+00:00,11,2,Okay team what do you guys do to prepare for market open Monday
997177360628695042,2018-05-17 18:09:44+00:00,14,4,Best feeling ever This is just one of hundreds of success stories from a LPP student Click the link in bio to get started like David did learnplanprofit
997002827078680576,2018-05-17 06:36:12+00:00,0,1,main Yes 1000 that s what it s designed for it s really A Z If you would like you can get a better idea of what its all about by clicking the link in my bio With the course you also get access to our private LPP group for life
996820565678739456,2018-05-16 18:31:57+00:00,26,2,
995819088193597441,2018-05-14 00:12:26+00:00,0,1,You can use coupon code TWITTER click the link in bio it will automatically apply for you
994641149053681664,2018-05-10 18:11:44+00:00,42,30,Retweet if you agree techbudsolutions
994319308367970304,2018-05-09 20:52:51+00:00,30,5,Pump up the profits techbudsolutions learnplanprofit
993905798248984576,2018-05-08 17:29:42+00:00,4,2,You Won't Believe Our Day Vlog 1 via
993309553180622848,2018-05-07 02:00:26+00:00,0,1,Yes
993303867596066816,2018-05-07 01:37:51+00:00,2,7,ABOUT TO GO LIVE NOW TO ANNOUNCE THE WINNER
993211509881716736,2018-05-06 19:30:51+00:00,4,5,Tonight at 6 30 MST our 1 000 winner will be announced live during the Sunday Talk To enter you must enroll using coupon code TWITTER
992959984622227456,2018-05-06 02:51:23+00:00,2,1,Sunday stock Talk is 6 30 on Sunday AZ time
992849156401057792,2018-05-05 19:30:59+00:00,2,1,Yes
992616420117659649,2018-05-05 04:06:11+00:00,69,109,Happy Cinco de Mayo 1 000 giveaway Save 50 instantly amp have a chance to win 1 000 The link to enter enroll is in our bio Good luck
992507783349092352,2018-05-04 20:54:30+00:00,1,1,Is that good or nah
992198208964124672,2018-05-04 00:24:21+00:00,12,5,You guys pick the next giveaway
992100379910275072,2018-05-03 17:55:37+00:00,44,3,Are you guys pumped for our next twitter giveaway learnplanprofit
990738354554617856,2018-04-29 23:43:25+00:00,287,71,
988901955694051328,2018-04-24 22:06:13+00:00,3,2,This video is unlisted the only way to see it is to click the link
988901697777909761,2018-04-24 22:05:12+00:00,6,2,This is a must watch learnplanprofit
988424168822661126,2018-04-23 14:27:40+00:00,0,1,It s a one time fee and you get access to the course and private group for life
987444882364030976,2018-04-20 21:36:20+00:00,13,2,What do your profits look like linkinbio learnplanprofit
986992645883904000,2018-04-19 15:39:18+00:00,0,1,The link to the course with coupon already applied is in the bio
986988146373025792,2018-04-19 15:21:26+00:00,13,4,If you didn t win don t worry we are hooking EVERYONE up with a 50 discount on the course Use coupon code TWITTER Link in bio
986987729635311616,2018-04-19 15:19:46+00:00,10,2,Thank you to everyone that participated in the giveaway
986822196348665856,2018-04-19 04:22:00+00:00,6,2,Going live from Instagram To announce the winner
986721619174281216,2018-04-18 21:42:21+00:00,3,3,We haven t picked the winner yet Keep retweeting and I will announce it in my live stream tonight
986706191005892608,2018-04-18 20:41:02+00:00,11,11,The winner will be announced once we get 50 Retweets
986644781869576193,2018-04-18 16:37:01+00:00,53,85,You asked for it so here it is Retweet this tweet to enter learnplanprofit
986315943771910144,2018-04-17 18:50:20+00:00,7,2,Should we do a twitter giveaway
986315764847165440,2018-04-17 18:49:37+00:00,13,2,What motivates you techbudsolutions
984640542460919808,2018-04-13 03:52:53+00:00,26,6,There s no question the market has been volatile so be sure to focus on quality trades and lock in those profits retweet profits stocks
982889741304475650,2018-04-08 07:55:50+00:00,18,2,
981599997190811648,2018-04-04 18:30:51+00:00,16,5,Anotha day anotha 600 profit It's all about one thing CONSISTENCY LEARNPLANPROFIT
981250853259505664,2018-04-03 19:23:28+00:00,16,4,1 600 Profit on a Tuesday What's holding you back LEARNPLANPROFIT
980959109246631936,2018-04-03 00:04:11+00:00,13,2,Proof is in the pudding Link in bio LEARNPLANPROFIT
979192248628752384,2018-03-29 03:03:19+00:00,17,12,Retweet if you would drive my Mclaren
978342826139295744,2018-03-26 18:48:01+00:00,19,2,Young or old anyone can be profitable with Learn Plan Profit Use coupon code MOTIVATED and get started
975910204083617792,2018-03-20 01:41:38+00:00,9,2,
975086945750544389,2018-03-17 19:10:18+00:00,29,7,Work until your doors go up retweet
974851579588198400,2018-03-17 03:35:03+00:00,1,1,Yes it is You can use BOOM or MOTIVATED They both are active
974411033186992128,2018-03-15 22:24:28+00:00,10,3,Autobots roll out Transformers
973046805419114496,2018-03-12 04:03:31+00:00,24,7,Don't wait for opportunity Create it techbudsolutions
971569853134913536,2018-03-08 02:14:38+00:00,0,1,Message me through discord I would love to answer your question
971103710565695489,2018-03-06 19:22:21+00:00,9,2,
970376991479234560,2018-03-04 19:14:38+00:00,18,4,
969666323218276357,2018-03-02 20:10:41+00:00,14,3,
968888554804805633,2018-02-28 16:40:07+00:00,0,3,How many of you joined the live Q amp A chat this morning
968242075664658432,2018-02-26 21:51:14+00:00,1,2,
968184276016496641,2018-02-26 18:01:34+00:00,27,2,First tweet in a while What's happening Twitter
936752590418739200,2017-12-02 00:23:16+00:00,2,2,Guess What We Are Working On blessed
936384387561738241,2017-12-01 00:00:09+00:00,2,2,MONEY MONEY
934277818174750721,2017-11-25 04:29:24+00:00,3,3,Difficult roads often lead to beautiful destinations blessed Murrieta California
933906158305337346,2017-11-24 03:52:33+00:00,0,2,Black Friday Special Is Live LINK IN BIO For Website amp Mystery Box techbuds entrepreneur
933154158005297153,2017-11-22 02:04:23+00:00,2,2,What do you all think about the possible apparel techbuds Arizona State University
931645424422850561,2017-11-17 22:09:12+00:00,4,2,Guess what I sold yesterday for 1 200 Profit in 5 days Who wants to learn how I do it
931418425137729536,2017-11-17 07:07:12+00:00,0,2,Tesla Announces it's new 2020 Tesla Roadster 1 9 sec 0 60 Full video Link in bio tesla
930325969956511745,2017-11-14 06:46:10+00:00,8,3,Money can't buy happiness blessed Honolulu Hawaii
929127182231797760,2017-11-10 23:22:37+00:00,2,3,Guess what already sold Check out today's video for the resell on the R8 Comment below if you
929050257693884416,2017-11-10 18:16:57+00:00,1,2,Another Day Another Dollaaaa money Chicago Illinois
929049933151424513,2017-11-10 18:15:39+00:00,1,2,Another Day Another Dollaaaa money Chicago Illinois
928670899724783616,2017-11-09 17:09:31+00:00,1,3,110 Profit In lt 10 minutes Link in bio to learn how daytrader Arizona State University
928457914435719168,2017-11-09 03:03:11+00:00,2,2,Young Driven amp Blessed Arizona State University Polytechnic campus
927672754203013120,2017-11-06 23:03:14+00:00,0,3,Picked up R8 time to profit blessed r8 The Ranch House
927206699722608640,2017-11-05 16:11:18+00:00,0,2,Guess what supercar I'm picking up this week to profit on Dm me why you haven't started
926633400659861504,2017-11-04 02:13:13+00:00,0,2,Guess what I sold today for 10 000 Profit 3 months of having it now what should I profit on
926198451494379521,2017-11-02 21:24:53+00:00,1,2,What crazy venture are people telling you isn't possible Who's willing to prove them wrong
925941200015695872,2017-11-02 04:22:39+00:00,0,2,I like keeping things simple it works for me blessed Polytechnic School at ASU
925569871781404672,2017-11-01 03:47:08+00:00,3,2,They called it a dream I call a Tuesday Photo creds justin darezzo blessed Phoenix Arizona
925219410440278016,2017-10-31 04:34:31+00:00,1,2,Looking at buying another property what do you all think about this one Love the modern look
924143169721327616,2017-10-28 05:17:56+00:00,6,3,Be cautious who you trust your ideas amp time should only be shared with those you fully trust
923757049313345537,2017-10-27 03:43:37+00:00,3,2,Have you checked out my latest upload on how I plan to sell the M3 for 10 000 more than what I
923015050377363456,2017-10-25 02:35:11+00:00,1,2,Let your worst days be what fuels your best Learn from mistakes to move forward not to hold
922323374193430528,2017-10-23 04:46:43+00:00,1,2,Had to break in the M3 Who's ready for another fun packed trading week blessed m3
921767795649597441,2017-10-21 15:59:02+00:00,1,3,HAPPY SATURDAY Hope you all have an amazing day Message me something you're working towards
921767469970313217,2017-10-21 15:57:45+00:00,4,3,HAPPY SATURDAY Hope you all have an amazing day Message me something you're working towards
921170849431896064,2017-10-20 00:26:59+00:00,2,4,What do you think about the new daily driver 600HP isn't bad Check out today's video on the
920427800376565762,2017-10-17 23:14:22+00:00,3,3,Huge shoutout to my boy hildreth and his 3 tips to know before investing in
919434050187620352,2017-10-15 05:25:34+00:00,3,3,Congrats to and all his success buying his first house amp Z06 by age 21 Amazing to
919231238984024064,2017-10-14 15:59:40+00:00,0,1,hey Wilson it's Ricky I've been trying to get in contact Do I have the correct profile It's about my start up
918792846114562048,2017-10-13 10:57:39+00:00,0,1,hey bud what airport would be best for me to fly in from Trying to book my flight now Please let me know thank you
918325807747039233,2017-10-12 04:01:48+00:00,3,3,I sometimes like to work from my garage You know what I like more then my Mclaren
917250915945537536,2017-10-09 04:50:34+00:00,4,4,Today we launched my Lesson Library for our thousands of investors Mentorship included for
916912780128718849,2017-10-08 06:26:56+00:00,4,3,Follow your dreams and assist those that motivate you It's a true blessing Thank you all for
916098222287880198,2017-10-06 00:30:11+00:00,2,3,We like to make profit at Great week with all our traders calling out their
915437439963066368,2017-10-04 04:44:28+00:00,4,3,Check out today's video on how our trader made over 117 profit a week LINK IN BIO stocks
914277406571147264,2017-09-30 23:54:54+00:00,8,3,Excited To Announce The Release Of My Lesson Library amp Mentorship Team I'll Be Releasing In 1
913537428387975168,2017-09-28 22:54:30+00:00,3,4,Today was another Green Day with our team of 47 000 members Congrats to everyone Link in bio
913109723427176448,2017-09-27 18:34:57+00:00,3,3,Ryan is one of our traders who found his own unique style of trading he's up 85 000 in 4
911692425525059584,2017-09-23 20:43:07+00:00,0,3,New Edit Is Out CHECK MY LATEST UPLOAD FOR FULL VIDEO blessed mclaren mp412c Tempe Town Lake
909571516001636354,2017-09-18 00:15:23+00:00,1,3,Biker ask how fast is the Mclaren Me fast than you mclaren racing blessed Arizona
908799244072624134,2017-09-15 21:06:39+00:00,0,3,Hey Team for those interested in living with other entrepreneurs here's a video for you and our
908212890955632640,2017-09-14 06:16:41+00:00,0,3,3 2 1 Gone blessed z06 Arizona State University Polytechnic campus
904116887277027328,2017-09-02 23:00:38+00:00,4,3,Link in bio to preorder you Techbuds T shirt
904114794193592320,2017-09-02 22:52:19+00:00,1,3,The Making of the millionaire LINK
904114361781723136,2017-09-02 22:50:36+00:00,3,3,Donating all our profits to help our team members devastated by HURRICANE HARVEY
903431435020681216,2017-09-01 01:36:53+00:00,3,3,Best Momentum Indicator
900463439952224256,2017-08-23 21:03:08+00:00,7,3,HUGE PRE MARKET RUNNER CAUGHT IN TODAYS LIVESTREAM WATCH OUR VIDEO
883105303440498688,2017-07-06 23:28:06+00:00,4,5,Today's livestream was so much fun LINK stocks investing PENNYSTOCKS daytrader
882682884640964609,2017-07-05 19:29:33+00:00,2,3,Today's live stream was so much fun LINK stocks investing PENNYSTOCKS daytrader techbuds
882581426222145537,2017-07-05 12:46:24+00:00,20,5,Top 5 stocks to watch Full break down video stocks investing PENNYSTOCKS top5 July4
882146471935594496,2017-07-04 07:58:03+00:00,7,4,STOCK MARKET CRASH made a video explaining why Amazon dropped 87 Link amazon amzn apple stocks marketcrash
881478090186252290,2017-07-02 11:42:08+00:00,7,3,The Making Of A Millionaire 2 million in real estate learn how he did it Video
880212522166620160,2017-06-28 23:53:13+00:00,6,4,How To Buy a house by age 20 HOUSE HACK Link
879626606775500800,2017-06-27 09:05:00+00:00,3,3,Today's video helps those having trouble with the fear is loss LINK
879625306075783168,2017-06-27 08:59:50+00:00,3,1,The links are provided for you on the top pinned post of our Facebook group
879625088714330112,2017-06-27 08:58:58+00:00,1,1,Search in out Facebook group in the files tab on the left hand side bar
879624479776919552,2017-06-27 08:56:33+00:00,5,3,What's going on traders What's everyone looking at comment below
863913866824007680,2017-05-15 00:28:11+00:00,4,3,I'm selling my 2015 Corvette Z06 DM ME FOR DETAILS Serious buyers only corvette z06
858718914913615873,2017-04-30 16:25:18+00:00,31,9,Finally establish our twitter page glad to be here team
